
DROP TABLE IF EXISTS user_timetables CASCADE;
DROP TABLE IF EXISTS user_plans CASCADE;
DROP TABLE IF EXISTS user_notifications CASCADE;
DROP TABLE IF EXISTS timetables CASCADE;
DROP TABLE IF EXISTS rooms CASCADE;
DROP TABLE IF EXISTS users CASCADE;

CREATE TABLE users (
  id SERIAL PRIMARY KEY,
  email VARCHAR(255) NOT NULL UNIQUE,
  name VARCHAR(100) NOT NULL,
  role VARCHAR(50) DEFAULT 'USER',
  created_at TIMESTAMP DEFAULT CURRENT_TIMESTAMP
);

CREATE TABLE rooms (
  id SERIAL PRIMARY KEY,
  name VARCHAR(100) NOT NULL,
  floor INT NOT NULL,
  type VARCHAR(50) DEFAULT NULL,
  status VARCHAR(50) DEFAULT 'EMPTY',
  description VARCHAR(255) DEFAULT NULL
);

CREATE TABLE timetables (
  id SERIAL PRIMARY KEY,
  teacher_id INT REFERENCES users(id) ON DELETE SET NULL,
  teacher_name VARCHAR(100) DEFAULT NULL,
  subject VARCHAR(100) NOT NULL,
  room_id INT REFERENCES rooms(id) ON DELETE SET NULL,
  day_of_week INT NOT NULL,
  period INT NOT NULL
);

CREATE TABLE user_notifications (
  id SERIAL PRIMARY KEY,
  user_id INT NOT NULL REFERENCES users(id) ON DELETE CASCADE,
  notification_time TIME NOT NULL,
  is_active BOOLEAN DEFAULT TRUE
);

CREATE TABLE user_plans (
  id SERIAL PRIMARY KEY,
  user_id INT NOT NULL REFERENCES users(id) ON DELETE CASCADE,
  title VARCHAR(255) NOT NULL,
  content TEXT,
  plan_date DATE DEFAULT NULL,
  created_at TIMESTAMP DEFAULT CURRENT_TIMESTAMP
);

CREATE TABLE user_timetables (
  id SERIAL PRIMARY KEY,
  user_id INT NOT NULL REFERENCES users(id) ON DELETE CASCADE,
  day_of_week INT NOT NULL,
  period INT NOT NULL,
  subject VARCHAR(100) DEFAULT NULL,
  room_name VARCHAR(100) DEFAULT NULL
);
INSERT INTO users (id, email, name, role, created_at) VALUES 
(1, 'woolrabit77@sasa.hs.kr', '관리자', 'ADMIN', '2026-05-10T06:27:14.000Z'),
(2, 'test@sasa.hs.kr', 'test', 'USER', '2026-05-10T06:36:43.000Z'),
(3, 'dsadasd@sasa.hs.kr', 'dsadasd', 'USER', '2026-05-11T11:45:55.000Z');

SELECT setval('users_id_seq', (SELECT MAX(id) FROM users));

INSERT INTO rooms (id, name, floor, type, status, description) VALUES 
(1, 'S505', 5, NULL, 'EMPTY', NULL),
(2, 'S313', 3, NULL, 'EMPTY', NULL),
(3, 'S511', 5, NULL, 'EMPTY', NULL),
(4, 'S105', 1, NULL, 'EMPTY', NULL),
(5, 'S102', 1, NULL, 'EMPTY', NULL),
(6, 'S317', 3, NULL, 'EMPTY', NULL),
(7, 'S414', 4, NULL, 'EMPTY', NULL),
(8, 'A209', 2, NULL, 'EMPTY', NULL),
(9, 'S215', 2, NULL, 'EMPTY', NULL),
(10, 'S302', 3, NULL, 'EMPTY', NULL),
(11, 'S108', 1, NULL, 'EMPTY', NULL),
(12, 'S517', 5, NULL, 'EMPTY', NULL),
(13, 'S513', 5, NULL, 'EMPTY', NULL),
(14, 'S503', 5, NULL, 'EMPTY', NULL),
(15, 'S109', 1, NULL, 'EMPTY', NULL),
(16, 'A502A', 5, NULL, 'EMPTY', NULL),
(17, 'S305', 3, NULL, 'EMPTY', NULL),
(18, 'A305', 3, NULL, 'EMPTY', NULL),
(19, 'S201', 2, NULL, 'EMPTY', NULL),
(20, 'A304', 3, NULL, 'EMPTY', NULL),
(21, 'S303', 3, NULL, 'EMPTY', NULL),
(22, 'S209', 2, NULL, 'EMPTY', NULL),
(23, 'S309', 3, NULL, 'EMPTY', NULL),
(24, 'S501', 5, NULL, 'EMPTY', NULL),
(25, 'S417', 4, NULL, 'EMPTY', NULL),
(26, 'A401', 4, NULL, 'EMPTY', NULL),
(27, 'S403', 4, NULL, 'EMPTY', NULL),
(28, 'S210', 2, NULL, 'EMPTY', NULL),
(29, 'S312', 3, NULL, 'EMPTY', NULL),
(30, 'S203', 2, NULL, 'EMPTY', NULL),
(31, 'A302', 3, NULL, 'EMPTY', NULL),
(32, 'S514', 5, NULL, 'EMPTY', NULL),
(33, 'S411', 4, NULL, 'EMPTY', NULL),
(34, 'A504', 5, NULL, 'EMPTY', NULL),
(35, 'A406', 4, NULL, 'EMPTY', NULL),
(36, 'S405', 4, NULL, 'EMPTY', NULL),
(37, 'S212', 2, NULL, 'EMPTY', NULL),
(38, 'S415', 4, NULL, 'EMPTY', NULL),
(39, 'S213', 2, NULL, 'EMPTY', NULL),
(40, 'S311', 3, NULL, 'EMPTY', NULL),
(41, 'S509', 5, NULL, 'EMPTY', NULL),
(42, 'A501', 5, NULL, 'EMPTY', NULL),
(43, 'A307', 3, NULL, 'EMPTY', NULL),
(44, 'A402A', 4, NULL, 'EMPTY', NULL),
(45, 'S512', 5, NULL, 'EMPTY', NULL),
(46, 'S315', 3, NULL, 'EMPTY', NULL),
(47, 'S314', 3, NULL, 'EMPTY', NULL),
(48, 'S104', 1, NULL, 'EMPTY', NULL),
(49, 'A306', 3, NULL, 'EMPTY', NULL),
(50, 'S211', 2, NULL, 'EMPTY', NULL),
(51, 'S307', 3, NULL, 'EMPTY', NULL),
(52, 'S515', 5, NULL, 'EMPTY', NULL),
(53, 'S516', 5, NULL, 'EMPTY', NULL),
(54, 'S507', 5, NULL, 'EMPTY', NULL),
(55, 'S205', 2, NULL, 'EMPTY', NULL),
(56, 'S207', 2, NULL, 'EMPTY', NULL),
(57, 'S406', 4, NULL, 'EMPTY', NULL),
(58, 'S506', 5, NULL, 'EMPTY', NULL),
(59, 'S304', 3, NULL, 'EMPTY', NULL),
(60, 'S202', 2, NULL, 'EMPTY', NULL);

SELECT setval('rooms_id_seq', (SELECT MAX(id) FROM rooms));

INSERT INTO timetables (id, teacher_id, teacher_name, subject, room_id, day_of_week, period) VALUES 
(599, NULL, NULL, '과학문명사', 1, 2, 5),
(600, NULL, NULL, '과학문명사', 1, 2, 6),
(601, NULL, NULL, '세계문화지리', 2, 2, 1),
(602, NULL, NULL, '세계문화지리', 2, 2, 2),
(603, NULL, NULL, '수학사 및 수학실험', 3, 5, 6),
(604, NULL, NULL, '수학사 및 수학실험', 3, 5, 7),
(605, NULL, NULL, '물리 첨단기기활용법', 4, 5, 6),
(606, NULL, NULL, '물리 첨단기기활용법', 4, 5, 7),
(607, NULL, NULL, '물리 첨단기기활용법', 4, 2, 5),
(608, NULL, NULL, '물리 첨단기기활용법', 4, 2, 6),
(609, NULL, NULL, '세계문화지리', 2, 4, 8),
(610, NULL, NULL, '세계문화지리', 2, 4, 9),
(611, NULL, NULL, '세계문화지리', 2, 1, 5),
(612, NULL, NULL, '세계문화지리', 2, 1, 6),
(613, NULL, NULL, '세계문화지리', 2, 5, 4),
(614, NULL, NULL, '세계문화지리', 2, 5, 3),
(615, NULL, NULL, '화학 첨단기기활용법Ⅰ', 5, 1, 3),
(616, NULL, NULL, '화학 첨단기기활용법Ⅰ', 5, 1, 4),
(617, NULL, NULL, '화학 첨단기기활용법Ⅰ', 5, 5, 6),
(618, NULL, NULL, '화학 첨단기기활용법Ⅰ', 5, 5, 7),
(619, NULL, NULL, '화학 첨단기기활용법Ⅰ', 5, 2, 5),
(620, NULL, NULL, '화학 첨단기기활용법Ⅰ', 5, 2, 6),
(621, NULL, NULL, '화학 및 실험Ⅲ', 6, 2, 8),
(622, NULL, NULL, '화학 및 실험Ⅲ', 6, 2, 9),
(623, NULL, NULL, '화학 및 실험Ⅲ', 6, 2, 5),
(624, NULL, NULL, '화학 및 실험Ⅲ', 6, 2, 6),
(625, NULL, NULL, '화학 및 실험Ⅲ', 6, 1, 3),
(626, NULL, NULL, '화학 및 실험Ⅲ', 6, 1, 4),
(627, NULL, NULL, '화학 및 실험Ⅲ', 6, 5, 6),
(628, NULL, NULL, '화학 및 실험Ⅲ', 6, 5, 7),
(629, NULL, NULL, '세계문화지리', 2, 4, 1),
(630, NULL, NULL, '화학 및 실험Ⅲ', 6, 3, 3),
(631, NULL, NULL, '화학 및 실험Ⅲ', 6, 3, 4),
(632, NULL, NULL, '화학 첨단기기활용법Ⅰ', 5, 3, 3),
(633, NULL, NULL, '화학 첨단기기활용법Ⅰ', 5, 3, 4),
(634, NULL, NULL, '일본어Ⅰ', 7, 2, 3),
(635, NULL, NULL, '일본어Ⅰ', 7, 2, 4),
(636, NULL, NULL, '일본어Ⅰ', 7, 2, 5),
(637, NULL, NULL, '일본어Ⅰ', 7, 2, 6),
(638, NULL, NULL, '체육Ⅲ', 8, 5, 3),
(639, NULL, NULL, '체육Ⅲ', 8, 4, 5),
(640, NULL, NULL, '체육Ⅲ', 8, 5, 4),
(641, NULL, NULL, '체육Ⅲ', 8, 4, 6),
(642, NULL, NULL, '문학', 9, 1, 8),
(643, NULL, NULL, '문학', 9, 1, 9),
(644, NULL, NULL, '문학', 9, 5, 6),
(645, NULL, NULL, '문학', 9, 5, 7),
(646, NULL, NULL, '문학', 9, 5, 1),
(647, NULL, NULL, '문학', 9, 5, 2),
(648, NULL, NULL, '문학', 9, 1, 3),
(649, NULL, NULL, '문학', 9, 1, 4),
(650, NULL, NULL, '체육Ⅲ', 8, 4, 1),
(651, NULL, NULL, '체육Ⅲ', 8, 4, 2),
(652, NULL, NULL, '문학', 9, 3, 3),
(653, NULL, NULL, '문학', 9, 3, 4),
(654, NULL, NULL, '문학', 10, 4, 5),
(655, NULL, NULL, '문학', 10, 4, 6),
(656, NULL, NULL, '문학', 10, 2, 3),
(657, NULL, NULL, '문학', 10, 2, 4),
(658, NULL, NULL, '문학', 10, 4, 2),
(659, NULL, NULL, '객체지향프로그래밍', 11, 5, 1),
(660, NULL, NULL, '객체지향프로그래밍', 11, 5, 2),
(661, NULL, NULL, '객체지향프로그래밍', 11, 2, 3),
(662, NULL, NULL, '객체지향프로그래밍', 11, 2, 4),
(663, NULL, NULL, '미적분과 해석기하', 7, 1, 1),
(664, NULL, NULL, '미적분과 해석기하', 12, 4, 3),
(665, NULL, NULL, '미적분과 해석기하', 7, 3, 1),
(666, NULL, NULL, '미적분과 해석기하', 7, 4, 8),
(667, NULL, NULL, '미적분과 해석기하', 7, 2, 1),
(668, NULL, NULL, '미적분과 해석기하', 7, 1, 5),
(669, NULL, NULL, '미적분과 해석기하', 13, 4, 8),
(670, NULL, NULL, '미적분과 해석기하', 13, 1, 5),
(671, NULL, NULL, '생활 속의 공학', 14, 5, 6),
(672, NULL, NULL, '생활 속의 공학', 14, 5, 7),
(673, NULL, NULL, '생활 속의 공학', 14, 5, 1),
(674, NULL, NULL, '생활 속의 공학', 14, 5, 2),
(675, NULL, NULL, '미적분과 해석기하', 12, 1, 1),
(676, NULL, NULL, '미적분과 해석기하', 13, 2, 1),
(677, NULL, NULL, '생활 속의 공학', 14, 2, 5),
(678, NULL, NULL, '생활 속의 공학', 14, 2, 6),
(679, NULL, NULL, '미적분과 해석기하', 13, 4, 9),
(680, NULL, NULL, '미적분과 해석기하', 13, 2, 2),
(681, NULL, NULL, '미적분과 해석기하', 13, 1, 6),
(682, NULL, NULL, '객체지향프로그래밍', 15, 1, 3),
(683, NULL, NULL, '객체지향프로그래밍', 15, 1, 4),
(684, NULL, NULL, '미적분과 해석기하', 12, 1, 2),
(685, NULL, NULL, '미적분과 해석기하', 12, 4, 9),
(686, NULL, NULL, '미적분과 해석기하', 12, 3, 2),
(687, NULL, NULL, '미적분과 해석기하', 12, 1, 6),
(688, NULL, NULL, '미적분과 해석기하', 13, 1, 2),
(689, NULL, NULL, '미적분과 해석기하', 13, 3, 2),
(690, NULL, NULL, '생활 속의 공학', 14, 3, 3),
(691, NULL, NULL, '생활 속의 공학', 14, 3, 4),
(692, NULL, NULL, '창의적 디자인', 16, 3, 3),
(693, NULL, NULL, '창의적 디자인', 16, 3, 4),
(694, NULL, NULL, '프로그래밍Ⅱ', 11, 2, 8),
(695, NULL, NULL, '프로그래밍Ⅱ', 11, 2, 9),
(696, NULL, NULL, '공학개론', 14, 3, 1),
(697, NULL, NULL, '공학개론', 14, 3, 2),
(698, NULL, NULL, '공학개론', 14, 4, 3);

INSERT INTO timetables (id, teacher_id, teacher_name, subject, room_id, day_of_week, period) VALUES 
(699, NULL, NULL, '공학개론', 14, 4, 4),
(700, NULL, NULL, '미적분과 해석기하', 12, 4, 4),
(701, NULL, NULL, '프로그래밍Ⅱ', 11, 1, 7),
(702, NULL, NULL, '객체지향프로그래밍', 15, 2, 3),
(703, NULL, NULL, '객체지향프로그래밍', 15, 2, 4),
(704, NULL, NULL, '미적분과 해석기하', 12, 2, 2),
(705, NULL, NULL, '객체지향프로그래밍', 15, 2, 5),
(706, NULL, NULL, '객체지향프로그래밍', 15, 2, 6),
(707, NULL, NULL, '미적분과 해석기하', 12, 3, 1),
(708, NULL, NULL, '객체지향프로그래밍', 15, 3, 3),
(709, NULL, NULL, '객체지향프로그래밍', 15, 3, 4),
(710, NULL, NULL, '아름다운 바이오 화학', 17, 1, 8),
(711, NULL, NULL, '아름다운 바이오 화학', 17, 1, 9),
(712, NULL, NULL, '아름다운 바이오 화학', 17, 5, 1),
(713, NULL, NULL, '아름다운 바이오 화학', 17, 5, 2),
(714, NULL, NULL, '아름다운 바이오 화학', 17, 2, 3),
(715, NULL, NULL, '아름다운 바이오 화학', 17, 2, 4),
(716, NULL, NULL, '창의적 디자인', 16, 2, 3),
(717, NULL, NULL, '창의적 디자인', 16, 2, 4),
(718, NULL, NULL, '창의적 디자인', 16, 1, 7),
(719, NULL, NULL, '창의적 디자인', 16, 1, 8),
(720, NULL, NULL, '창의적 디자인', 16, 5, 6),
(721, NULL, NULL, '창의적 디자인', 16, 5, 7),
(722, NULL, NULL, '공학개론', 14, 2, 1),
(723, NULL, NULL, '공학개론', 14, 2, 2),
(724, NULL, NULL, '공학개론', 14, 4, 8),
(725, NULL, NULL, '공학개론', 14, 4, 9),
(726, NULL, NULL, '공학개론', 14, 1, 5),
(727, NULL, NULL, '공학개론', 14, 1, 6),
(728, NULL, NULL, '공학개론', 14, 1, 1),
(729, NULL, NULL, '공학개론', 14, 1, 2),
(730, NULL, NULL, '미적분과 해석기하', 7, 4, 3),
(731, NULL, NULL, '미적분과 해석기하', 13, 4, 4),
(732, NULL, NULL, '영어회화', 18, 1, 4),
(733, NULL, NULL, '영어회화', 18, 1, 3),
(734, NULL, NULL, '물리학 및 실험Ⅲ', 19, 5, 4),
(735, NULL, NULL, '프로젝트기반연구Ⅱ', 11, 4, 1),
(736, NULL, NULL, '프로젝트기반연구Ⅱ', 11, 4, 2),
(737, NULL, NULL, '영어회화', 20, 2, 6),
(738, NULL, NULL, '물리학 및 실험Ⅲ', 19, 4, 6),
(739, NULL, NULL, '영어회화', 18, 1, 8),
(740, NULL, NULL, '영어회화', 20, 2, 7),
(741, NULL, NULL, '확률과통계', 3, 4, 6),
(742, NULL, NULL, '확률과통계', 3, 5, 4),
(743, NULL, NULL, '확률과통계', 3, 4, 2),
(744, NULL, NULL, '확률과통계', 3, 4, 5),
(745, NULL, NULL, '확률과통계', 3, 5, 3),
(746, NULL, NULL, '화학 및 실험Ⅲ', 21, 4, 2),
(747, NULL, NULL, '확률과통계', 3, 3, 1),
(748, NULL, NULL, '확률과통계', 3, 3, 2),
(749, NULL, NULL, '확률과통계', 3, 2, 1),
(750, NULL, NULL, '확률과통계', 3, 2, 2),
(751, NULL, NULL, '확률과통계', 3, 1, 5),
(752, NULL, NULL, '확률과통계', 3, 1, 6),
(753, NULL, NULL, '확률과통계', 3, 4, 8),
(754, NULL, NULL, '확률과통계', 3, 4, 9),
(755, NULL, NULL, '확률과통계', 3, 1, 1),
(756, NULL, NULL, '확률과통계', 3, 1, 2),
(757, NULL, NULL, '물리학 및 실험Ⅲ', 19, 4, 5),
(758, NULL, NULL, '물리학 및 실험Ⅲ', 22, 4, 8),
(759, NULL, NULL, '물리학 및 실험Ⅲ', 22, 4, 9),
(760, NULL, NULL, '물리학 및 실험Ⅲ', 22, 3, 1),
(761, NULL, NULL, '물리학 및 실험Ⅲ', 22, 3, 2),
(762, NULL, NULL, '물리학 및 실험Ⅲ', 22, 1, 5),
(763, NULL, NULL, '물리학 및 실험Ⅲ', 22, 1, 6),
(764, NULL, NULL, '물리학 및 실험Ⅲ', 19, 4, 2),
(765, NULL, NULL, '화학 및 실험Ⅲ', 21, 4, 5),
(766, NULL, NULL, '화학 및 실험Ⅲ', 21, 2, 3),
(767, NULL, NULL, '화학 및 실험Ⅲ', 21, 2, 4),
(768, NULL, NULL, '화학 및 실험Ⅲ', 21, 4, 6),
(769, NULL, NULL, '물리학 및 실험Ⅲ', 19, 4, 1),
(770, NULL, NULL, '물리학 및 실험Ⅲ', 22, 1, 1),
(771, NULL, NULL, '물리학 및 실험Ⅲ', 22, 1, 2),
(772, NULL, NULL, '물리학 및 실험Ⅲ', 19, 5, 3),
(773, NULL, NULL, '물리학 및 실험Ⅲ', 22, 4, 3),
(774, NULL, NULL, '물리학 및 실험Ⅲ', 22, 4, 4),
(775, NULL, NULL, '물리학 및 실험Ⅲ', 22, 2, 1),
(776, NULL, NULL, '물리학 및 실험Ⅲ', 22, 2, 2),
(777, NULL, NULL, '프로젝트기반연구Ⅱ', 22, 4, 5),
(778, NULL, NULL, '프로젝트기반연구Ⅱ', 22, 4, 6),
(779, NULL, NULL, '프로젝트기반연구Ⅱ', 23, 3, 1),
(780, NULL, NULL, '프로젝트기반연구Ⅱ', 23, 3, 2),
(781, NULL, NULL, '확률과통계', 3, 4, 3),
(782, NULL, NULL, '확률과통계', 3, 4, 4),
(783, NULL, NULL, '확률과통계', 3, 4, 1),
(784, NULL, NULL, '프로젝트기반연구Ⅱ', 24, 1, 4),
(785, NULL, NULL, '프로젝트기반연구Ⅱ', 24, 2, 7),
(786, NULL, NULL, '프로젝트기반연구Ⅱ', 24, 1, 3),
(787, NULL, NULL, '프로젝트기반연구Ⅱ', 24, 2, 8),
(788, NULL, NULL, '선형대수학', 25, 5, 1),
(789, NULL, NULL, '선형대수학', 25, 5, 2),
(790, NULL, NULL, '선형대수학', 25, 1, 5),
(791, NULL, NULL, '선형대수학', 25, 1, 6),
(792, NULL, NULL, '선형대수학', 25, 1, 1),
(793, NULL, NULL, '선형대수학', 25, 1, 2),
(794, NULL, NULL, '선형대수학', 25, 4, 1),
(795, NULL, NULL, '선형대수학', 25, 4, 2),
(796, NULL, NULL, '선형대수학', 25, 2, 3),
(797, NULL, NULL, '선형대수학', 25, 2, 4),
(798, NULL, NULL, '선형대수학', 25, 4, 8);

INSERT INTO timetables (id, teacher_id, teacher_name, subject, room_id, day_of_week, period) VALUES 
(799, NULL, NULL, '선형대수학', 25, 4, 9),
(800, NULL, NULL, '선형대수학', 25, 2, 5),
(801, NULL, NULL, '선형대수학', 25, 2, 6),
(802, NULL, NULL, '선형대수학', 25, 4, 3),
(803, NULL, NULL, '선형대수학', 25, 4, 4),
(804, NULL, NULL, '영어회화', 20, 2, 5),
(805, NULL, NULL, '선형대수학', 25, 5, 3),
(806, NULL, NULL, '선형대수학', 25, 5, 4),
(807, NULL, NULL, '선형대수학', 25, 4, 5),
(808, NULL, NULL, '선형대수학', 25, 4, 6),
(809, NULL, NULL, '고급알고리즘', 26, 4, 8),
(810, NULL, NULL, '고급알고리즘', 26, 1, 4),
(811, NULL, NULL, '고급알고리즘', 26, 5, 3),
(812, NULL, NULL, '고급알고리즘', 26, 1, 3),
(813, NULL, NULL, '고급알고리즘', 26, 4, 9),
(814, NULL, NULL, '고급알고리즘', 26, 5, 4),
(815, NULL, NULL, '인성체육', 8, 3, 5),
(816, NULL, NULL, '인성체육', 8, 3, 6),
(817, NULL, NULL, '인성체육', 8, 3, 7),
(818, NULL, NULL, '인성체육', 8, 3, 8),
(819, NULL, NULL, '생명과학탐구실습', 27, 1, 5),
(820, NULL, NULL, '생명과학탐구실습', 27, 1, 6),
(821, NULL, NULL, '일반물리학Ⅱ', 22, 1, 8),
(822, NULL, NULL, '일반물리학Ⅱ', 22, 1, 9),
(823, NULL, NULL, '일반물리학Ⅱ', 22, 4, 1),
(824, NULL, NULL, '일반물리학Ⅱ', 22, 4, 2),
(825, NULL, NULL, '일반물리학Ⅱ', 22, 1, 3),
(826, NULL, NULL, '일반물리학Ⅱ', 22, 1, 4),
(827, NULL, NULL, '일반물리학Ⅱ', 22, 3, 3),
(828, NULL, NULL, '일반물리학Ⅱ', 22, 3, 4),
(829, NULL, NULL, '일반물리학Ⅱ', 22, 2, 3),
(830, NULL, NULL, '일반물리학Ⅱ', 22, 2, 4),
(831, NULL, NULL, '물리기반 융합세미나Ⅰ', 28, 2, 5),
(832, NULL, NULL, '물리기반 융합세미나Ⅰ', 28, 2, 6),
(833, NULL, NULL, '물리기반 융합세미나Ⅰ', 28, 2, 7),
(834, NULL, NULL, '일반화학Ⅱ', 29, 2, 1),
(835, NULL, NULL, '일반화학Ⅱ', 29, 2, 2),
(836, NULL, NULL, '일반화학Ⅱ', 29, 5, 3),
(837, NULL, NULL, '일반화학Ⅱ', 29, 5, 4),
(838, NULL, NULL, '일반화학실험Ⅱ', 21, 1, 5),
(839, NULL, NULL, '일반화학실험Ⅱ', 21, 1, 6),
(840, NULL, NULL, '일반화학실험Ⅱ', 21, 2, 5),
(841, NULL, NULL, '일반화학실험Ⅱ', 21, 2, 6),
(842, NULL, NULL, '생물다양성의 이해', 27, 2, 7),
(843, NULL, NULL, '생물다양성의 이해', 27, 2, 8),
(844, NULL, NULL, '생물다양성의 이해', 27, 2, 9),
(845, NULL, NULL, '일반물리학실험Ⅱ', 30, 3, 3),
(846, NULL, NULL, '일반물리학실험Ⅱ', 30, 3, 4),
(847, NULL, NULL, '중국어Ⅰ', 31, 5, 3),
(848, NULL, NULL, '중국어Ⅰ', 31, 5, 4),
(849, NULL, NULL, '중국어Ⅰ', 31, 5, 6),
(850, NULL, NULL, '중국어Ⅰ', 31, 5, 7),
(851, NULL, NULL, '물리기반 융합세미나Ⅰ', 28, 5, 1),
(852, NULL, NULL, '물리기반 융합세미나Ⅰ', 28, 5, 2),
(853, NULL, NULL, '물리기반 융합세미나Ⅰ', 28, 5, 3),
(854, NULL, NULL, '수학적 의사소통과 문제해결Ⅰ', 32, 2, 1),
(855, NULL, NULL, '수학적 의사소통과 문제해결Ⅰ', 32, 2, 2),
(856, NULL, NULL, '수학적 의사소통과 문제해결Ⅰ', 32, 1, 2),
(857, NULL, NULL, '수학적 의사소통과 문제해결Ⅰ', 32, 1, 5),
(858, NULL, NULL, '수학적 의사소통과 문제해결Ⅰ', 32, 1, 6),
(859, NULL, NULL, '수학적 의사소통과 문제해결Ⅰ', 32, 5, 6),
(860, NULL, NULL, '수학적 의사소통과 문제해결Ⅰ', 32, 5, 7),
(861, NULL, NULL, '수학적 의사소통과 문제해결Ⅰ', 32, 1, 1),
(862, NULL, NULL, '수학적 의사소통과 문제해결Ⅰ', 32, 1, 8),
(863, NULL, NULL, '수학적 의사소통과 문제해결Ⅰ', 32, 1, 9),
(864, NULL, NULL, '수학적 의사소통과 문제해결Ⅰ', 32, 4, 3),
(865, NULL, NULL, '수학적 의사소통과 문제해결Ⅰ', 32, 4, 4),
(866, NULL, NULL, '수학적 의사소통과 문제해결Ⅰ', 32, 5, 2),
(867, NULL, NULL, '수학적 의사소통과 문제해결Ⅰ', 32, 3, 3),
(868, NULL, NULL, '수학적 의사소통과 문제해결Ⅰ', 32, 3, 4),
(869, NULL, NULL, '창발적사고와 생명과학 문제해결Ⅰ', 33, 4, 5),
(870, NULL, NULL, '창발적사고와 생명과학 문제해결Ⅰ', 33, 4, 6),
(871, NULL, NULL, '창발적사고와 생명과학 문제해결Ⅰ', 33, 1, 7),
(872, NULL, NULL, '화학 이슈와 토론Ⅰ', 17, 1, 7),
(873, NULL, NULL, '창발적사고와 생명과학 문제해결Ⅰ', 33, 2, 7),
(874, NULL, NULL, '화학 이슈와 토론Ⅰ', 17, 4, 3),
(875, NULL, NULL, '화학 이슈와 토론Ⅰ', 17, 4, 4),
(876, NULL, NULL, '화학 이슈와 토론Ⅰ', 17, 2, 7),
(877, NULL, NULL, '고급물리학Ⅱ', 28, 3, 1),
(878, NULL, NULL, '고급물리학Ⅱ', 28, 3, 2),
(879, NULL, NULL, '고급물리학Ⅱ', 28, 5, 4),
(880, NULL, NULL, '비주얼 커뮤니케이션', 34, 1, 3),
(881, NULL, NULL, '비주얼 커뮤니케이션', 34, 1, 4),
(882, NULL, NULL, '비주얼 커뮤니케이션', 34, 1, 6),
(883, NULL, NULL, '비주얼 커뮤니케이션', 34, 1, 7),
(884, NULL, NULL, '도시 환경과 도시 계획', 2, 1, 1),
(885, NULL, NULL, '도시 환경과 도시 계획', 2, 1, 2),
(886, NULL, NULL, '도시 환경과 도시 계획', 2, 3, 3),
(887, NULL, NULL, '도시 환경과 도시 계획', 2, 3, 4),
(888, NULL, NULL, '음악실기', 35, 2, 8),
(889, NULL, NULL, '음악실기', 35, 2, 9),
(890, NULL, NULL, '인공지능프로젝트', 15, 1, 5),
(891, NULL, NULL, '인공지능프로젝트', 15, 1, 6),
(892, NULL, NULL, '인공지능프로젝트', 15, 4, 3),
(893, NULL, NULL, '인공지능프로젝트', 15, 4, 4),
(894, NULL, NULL, '인터랙티브 디자인과 테크놀로지', 14, 4, 1),
(895, NULL, NULL, '인터랙티브 디자인과 테크놀로지', 14, 4, 2),
(896, NULL, NULL, '정보과학프로젝트Ⅰ', 11, 3, 1),
(897, NULL, NULL, '정보과학프로젝트Ⅰ', 11, 3, 2),
(898, NULL, NULL, '일반화학Ⅱ', 29, 2, 5);

INSERT INTO timetables (id, teacher_id, teacher_name, subject, room_id, day_of_week, period) VALUES 
(899, NULL, NULL, '일반화학Ⅱ', 29, 2, 6),
(900, NULL, NULL, '생명정보학', 36, 2, 1),
(901, NULL, NULL, '생명정보학', 36, 2, 2),
(902, NULL, NULL, '수학적 의사소통과 문제해결Ⅰ', 32, 2, 3),
(903, NULL, NULL, '화학 이슈와 토론Ⅰ', 17, 1, 1),
(904, NULL, NULL, '화학 이슈와 토론Ⅰ', 17, 1, 2),
(905, NULL, NULL, '일반물리학Ⅱ', 22, 5, 6),
(906, NULL, NULL, '일반물리학Ⅱ', 22, 5, 7),
(907, NULL, NULL, '지구와 우주의 영상탐사', 1, 4, 1),
(908, NULL, NULL, '지구와 우주의 영상탐사', 1, 4, 2),
(909, NULL, NULL, '창발적사고와 생명과학 문제해결Ⅰ', 33, 1, 1),
(910, NULL, NULL, '창발적사고와 생명과학 문제해결Ⅰ', 33, 1, 2),
(911, NULL, NULL, '일반화학Ⅱ', 29, 4, 5),
(912, NULL, NULL, '일반화학Ⅱ', 29, 4, 6),
(913, NULL, NULL, '물리기반 융합세미나Ⅰ', 28, 1, 7),
(914, NULL, NULL, '물리기반 융합세미나Ⅰ', 28, 1, 8),
(915, NULL, NULL, '물리기반 융합세미나Ⅰ', 28, 1, 9),
(916, NULL, NULL, '생물다양성의 이해', 27, 3, 2),
(917, NULL, NULL, '생물다양성의 이해', 27, 3, 3),
(918, NULL, NULL, '생물다양성의 이해', 27, 3, 4),
(919, NULL, NULL, '수학적 의사소통과 문제해결Ⅰ', 32, 3, 2),
(920, NULL, NULL, '수학적 의사소통과 문제해결Ⅰ', 32, 5, 1),
(921, NULL, NULL, '스페인어Ⅰ', 31, 2, 7),
(922, NULL, NULL, '스페인어Ⅰ', 31, 3, 8),
(923, NULL, NULL, '스페인어Ⅰ', 31, 2, 8),
(924, NULL, NULL, '스페인어Ⅰ', 31, 3, 7),
(925, NULL, NULL, '스페인어Ⅰ', 31, 2, 6),
(926, NULL, NULL, '스페인어Ⅰ', 31, 3, 6),
(927, NULL, NULL, '비주얼 커뮤니케이션', 34, 1, 1),
(928, NULL, NULL, '비주얼 커뮤니케이션', 34, 1, 2),
(929, NULL, NULL, '물리학 및 실험Ⅰ', 19, 5, 2),
(930, NULL, NULL, '국어Ⅰ', 37, 4, 8),
(931, NULL, NULL, '국어Ⅰ', 37, 5, 4),
(932, NULL, NULL, '생명과학 및 실험Ⅲ', 38, 2, 7),
(933, NULL, NULL, '생명과학 및 실험Ⅲ', 38, 2, 8),
(934, NULL, NULL, '생명과학 및 실험Ⅲ', 38, 2, 9),
(935, NULL, NULL, '생명과학 및 실험Ⅲ', 38, 1, 7),
(936, NULL, NULL, '물리학 및 실험Ⅰ', 39, 1, 6),
(937, NULL, NULL, '물리학 및 실험Ⅰ', 39, 1, 7),
(938, NULL, NULL, '물리학 및 실험Ⅰ', 39, 2, 5),
(939, NULL, NULL, '물리학 및 실험Ⅰ', 39, 2, 6),
(940, NULL, NULL, '물리학 및 실험Ⅰ', 39, 4, 3),
(941, NULL, NULL, '물리학 및 실험Ⅰ', 39, 4, 4),
(942, NULL, NULL, '물리학 및 실험Ⅰ', 39, 1, 1),
(943, NULL, NULL, '물리학 및 실험Ⅰ', 39, 1, 2),
(944, NULL, NULL, '물리학 및 실험Ⅰ', 39, 3, 1),
(945, NULL, NULL, '물리학 및 실험Ⅰ', 39, 3, 2),
(946, NULL, NULL, '물리학 및 실험Ⅰ', 39, 2, 1),
(947, NULL, NULL, '물리학 및 실험Ⅰ', 39, 2, 2),
(948, NULL, NULL, '물리학 및 실험Ⅰ', 19, 5, 1),
(949, NULL, NULL, '물리학 및 실험Ⅰ', 19, 4, 8),
(950, NULL, NULL, '국어Ⅰ', 37, 1, 6),
(951, NULL, NULL, '국어Ⅰ', 37, 1, 7),
(952, NULL, NULL, '물리학 및 실험Ⅰ', 19, 1, 7),
(953, NULL, NULL, '국어Ⅰ', 37, 5, 7),
(954, NULL, NULL, '국어Ⅰ', 37, 3, 3),
(955, NULL, NULL, '국어Ⅰ', 37, 1, 3),
(956, NULL, NULL, '국어Ⅰ', 37, 1, 4),
(957, NULL, NULL, '생명과학 및 실험Ⅰ', 27, 4, 8),
(958, NULL, NULL, '국어Ⅰ', 37, 2, 3),
(959, NULL, NULL, '국어Ⅰ', 37, 2, 4),
(960, NULL, NULL, '국어Ⅰ', 37, 4, 5),
(961, NULL, NULL, '국어Ⅰ', 37, 4, 6),
(962, NULL, NULL, '국어Ⅰ', 37, 5, 1),
(963, NULL, NULL, '국어Ⅰ', 37, 2, 6),
(964, NULL, NULL, '국어Ⅰ', 37, 2, 7),
(965, NULL, NULL, '생명과학 및 실험Ⅰ', 33, 1, 3),
(966, NULL, NULL, '생명과학 및 실험Ⅰ', 33, 1, 4),
(967, NULL, NULL, '생명과학 및 실험Ⅰ', 33, 5, 6),
(968, NULL, NULL, '생명과학 및 실험Ⅰ', 33, 5, 7),
(969, NULL, NULL, '생명과학 및 실험Ⅰ', 33, 5, 3),
(970, NULL, NULL, '생명과학 및 실험Ⅰ', 33, 5, 4),
(971, NULL, NULL, '생명과학 및 실험Ⅰ', 33, 2, 5),
(972, NULL, NULL, '생명과학 및 실험Ⅰ', 33, 2, 6),
(973, NULL, NULL, '생명과학 및 실험Ⅰ', 33, 3, 3),
(974, NULL, NULL, '생명과학 및 실험Ⅰ', 33, 3, 4),
(975, NULL, NULL, '생명과학 및 실험Ⅰ', 33, 4, 1),
(976, NULL, NULL, '생명과학 및 실험Ⅰ', 33, 4, 2),
(977, NULL, NULL, '생명과학 및 실험Ⅰ', 27, 5, 2),
(978, NULL, NULL, '생명과학 및 실험Ⅰ', 27, 4, 4),
(979, NULL, NULL, '생명과학 및 실험Ⅰ', 27, 5, 7),
(980, NULL, NULL, '국어Ⅰ', 37, 4, 3),
(981, NULL, NULL, '국어Ⅰ', 37, 4, 4),
(982, NULL, NULL, '화학 및 실험Ⅰ', 40, 5, 6),
(983, NULL, NULL, '화학 및 실험Ⅰ', 40, 5, 7),
(984, NULL, NULL, '생명과학 및 실험Ⅰ', 27, 5, 4),
(985, NULL, NULL, '화학 및 실험Ⅰ', 40, 1, 1),
(986, NULL, NULL, '화학 및 실험Ⅰ', 40, 1, 2),
(987, NULL, NULL, '화학 및 실험Ⅰ', 40, 3, 1),
(988, NULL, NULL, '화학 및 실험Ⅰ', 40, 3, 2),
(989, NULL, NULL, '화학 및 실험Ⅰ', 40, 4, 5),
(990, NULL, NULL, '화학 및 실험Ⅰ', 40, 4, 6),
(991, NULL, NULL, '화학 및 실험Ⅰ', 40, 2, 1),
(992, NULL, NULL, '화학 및 실험Ⅰ', 40, 2, 2),
(993, NULL, NULL, '화학 및 실험Ⅰ', 40, 4, 3),
(994, NULL, NULL, '화학 및 실험Ⅰ', 40, 4, 4),
(995, NULL, NULL, '물리학 및 실험Ⅰ', 19, 5, 6),
(996, NULL, NULL, '생명과학 및 실험Ⅰ', 27, 4, 2),
(997, NULL, NULL, '생명과학 및 실험Ⅲ', 38, 1, 3),
(998, NULL, NULL, '생명과학 및 실험Ⅲ', 38, 1, 4);

INSERT INTO timetables (id, teacher_id, teacher_name, subject, room_id, day_of_week, period) VALUES 
(999, NULL, NULL, '물리학 및 실험Ⅰ', 19, 2, 1),
(1000, NULL, NULL, '국어Ⅰ', 37, 2, 5),
(1001, NULL, NULL, '화학 및 실험Ⅰ', 21, 3, 2),
(1002, NULL, NULL, '화학 및 실험Ⅰ', 21, 3, 1),
(1003, NULL, NULL, '화학 및 실험Ⅰ', 21, 4, 8),
(1004, NULL, NULL, '화학 및 실험Ⅰ', 21, 5, 6),
(1005, NULL, NULL, '화학 및 실험Ⅰ', 21, 5, 7),
(1006, NULL, NULL, '화학 및 실험Ⅰ', 21, 3, 4),
(1007, NULL, NULL, '지구과학 및 실험Ⅰ', 41, 5, 7),
(1008, NULL, NULL, '지구과학 및 실험Ⅰ', 41, 4, 5),
(1009, NULL, NULL, '지구과학 및 실험Ⅰ', 41, 4, 6),
(1010, NULL, NULL, '지구과학 및 실험Ⅰ', 41, 2, 3),
(1011, NULL, NULL, '지구과학 및 실험Ⅰ', 41, 2, 4),
(1012, NULL, NULL, '정보과학개론', 42, 1, 1),
(1013, NULL, NULL, '정보과학개론', 42, 1, 2),
(1014, NULL, NULL, '지구과학 및 실험Ⅰ', 41, 3, 3),
(1015, NULL, NULL, '지구과학 및 실험Ⅰ', 41, 3, 4),
(1016, NULL, NULL, '지구과학 및 실험Ⅰ', 41, 1, 5),
(1017, NULL, NULL, '지구과학 및 실험Ⅰ', 41, 1, 6),
(1018, NULL, NULL, '지구과학 및 실험Ⅰ', 41, 4, 8),
(1019, NULL, NULL, '지구과학 및 실험Ⅰ', 41, 5, 1),
(1020, NULL, NULL, '영어Ⅰ', 43, 5, 1),
(1021, NULL, NULL, '지구과학 및 실험Ⅰ', 41, 5, 2),
(1022, NULL, NULL, '체육Ⅰ', 8, 2, 7),
(1023, NULL, NULL, '정보과학개론', 42, 2, 6),
(1024, NULL, NULL, '정보과학개론', 42, 2, 7),
(1025, NULL, NULL, '정보과학개론', 42, 4, 1),
(1026, NULL, NULL, '정보과학개론', 42, 4, 2),
(1027, NULL, NULL, '정보과학개론', 26, 3, 3),
(1028, NULL, NULL, '정보과학개론', 42, 2, 1),
(1029, NULL, NULL, '정보과학개론', 42, 2, 2),
(1030, NULL, NULL, '정보과학개론', 42, 5, 3),
(1031, NULL, NULL, '정보과학개론', 42, 5, 4),
(1032, NULL, NULL, '영어Ⅰ', 20, 1, 7),
(1033, NULL, NULL, '지구과학 및 실험Ⅰ', 41, 5, 3),
(1034, NULL, NULL, '지구과학 및 실험Ⅰ', 41, 5, 4),
(1035, NULL, NULL, '정보과학개론', 26, 3, 1),
(1036, NULL, NULL, '정보과학개론', 26, 4, 6),
(1037, NULL, NULL, '지구과학 및 실험Ⅰ', 41, 4, 1),
(1038, NULL, NULL, '정보과학개론', 26, 2, 1),
(1039, NULL, NULL, '영어Ⅰ', 20, 4, 3),
(1040, NULL, NULL, '정보과학개론', 26, 4, 4),
(1041, NULL, NULL, '영어Ⅰ', 18, 2, 2),
(1042, NULL, NULL, '영어Ⅰ', 18, 4, 1),
(1043, NULL, NULL, '영어Ⅰ', 18, 5, 2),
(1044, NULL, NULL, '영어Ⅰ', 18, 2, 3),
(1045, NULL, NULL, '영어Ⅰ', 20, 4, 5),
(1046, NULL, NULL, '영어Ⅰ', 18, 2, 4),
(1047, NULL, NULL, '정보과학개론', 42, 3, 3),
(1048, NULL, NULL, '정보과학개론', 42, 3, 4),
(1049, NULL, NULL, '영어Ⅰ', 20, 5, 6),
(1050, NULL, NULL, '정보과학개론', 26, 1, 5),
(1051, NULL, NULL, '영어Ⅰ', 43, 1, 5),
(1052, NULL, NULL, '영어Ⅰ', 20, 3, 4),
(1053, NULL, NULL, '영어Ⅰ', 43, 3, 2),
(1054, NULL, NULL, '영어Ⅰ', 43, 2, 7),
(1055, NULL, NULL, '지구과학 및 실험Ⅰ', 41, 1, 3),
(1056, NULL, NULL, '지구과학 및 실험Ⅰ', 41, 1, 4),
(1057, NULL, NULL, '영어Ⅰ', 43, 1, 1),
(1058, NULL, NULL, '영어Ⅰ', 20, 1, 3),
(1059, NULL, NULL, '영어Ⅰ', 43, 3, 1),
(1060, NULL, NULL, '체육Ⅰ', 8, 1, 5),
(1061, NULL, NULL, '영어Ⅰ', 18, 5, 3),
(1062, NULL, NULL, '지구과학 및 실험Ⅰ', 41, 5, 6),
(1063, NULL, NULL, '체육Ⅰ', 8, 2, 4),
(1064, NULL, NULL, '체육Ⅰ', 8, 1, 7),
(1065, NULL, NULL, '체육Ⅰ', 8, 2, 5),
(1066, NULL, NULL, '음악', 44, 3, 3),
(1067, NULL, NULL, '음악', 44, 3, 4),
(1068, NULL, NULL, '체육Ⅰ', 8, 1, 4),
(1069, NULL, NULL, '음악', 44, 1, 6),
(1070, NULL, NULL, '음악', 44, 1, 7),
(1071, NULL, NULL, '음악', 44, 2, 6),
(1072, NULL, NULL, '음악', 44, 2, 7),
(1073, NULL, NULL, '음악', 44, 4, 1),
(1074, NULL, NULL, '음악', 44, 4, 2),
(1075, NULL, NULL, '음악', 44, 5, 1),
(1076, NULL, NULL, '음악', 44, 5, 2),
(1077, NULL, NULL, '수학Ⅰ', 45, 2, 3),
(1078, NULL, NULL, '수학Ⅰ', 45, 2, 4),
(1079, NULL, NULL, '수학Ⅰ', 45, 2, 6),
(1080, NULL, NULL, '수학Ⅰ', 45, 2, 7),
(1081, NULL, NULL, '수학Ⅰ', 45, 3, 1),
(1082, NULL, NULL, '수학Ⅰ', 45, 3, 2),
(1083, NULL, NULL, '수학Ⅰ', 45, 1, 5),
(1084, NULL, NULL, '수학Ⅰ', 45, 1, 6),
(1085, NULL, NULL, '수학Ⅱ', 38, 1, 5),
(1086, NULL, NULL, '수학Ⅱ', 38, 1, 6),
(1087, NULL, NULL, '수학Ⅰ', 45, 4, 3),
(1088, NULL, NULL, '수학Ⅰ', 45, 4, 4),
(1089, NULL, NULL, '수학Ⅰ', 45, 1, 3),
(1090, NULL, NULL, '수학Ⅰ', 45, 1, 4),
(1091, NULL, NULL, '수학Ⅱ', 38, 4, 5),
(1092, NULL, NULL, '수학Ⅱ', 38, 4, 6),
(1093, NULL, NULL, '수학Ⅱ', 38, 5, 3),
(1094, NULL, NULL, '수학Ⅱ', 38, 5, 4),
(1095, NULL, NULL, '수학Ⅱ', 38, 2, 2),
(1096, NULL, NULL, '수학Ⅱ', 38, 2, 3),
(1097, NULL, NULL, '수학Ⅱ', 38, 5, 1),
(1098, NULL, NULL, '수학Ⅱ', 38, 2, 4);

INSERT INTO timetables (id, teacher_id, teacher_name, subject, room_id, day_of_week, period) VALUES 
(1099, NULL, NULL, '수학Ⅱ', 38, 2, 5),
(1100, NULL, NULL, '수학Ⅱ', 38, 4, 1),
(1101, NULL, NULL, '수학Ⅱ', 38, 4, 2),
(1102, NULL, NULL, '수학Ⅱ', 38, 4, 3),
(1103, NULL, NULL, '수학Ⅱ', 38, 1, 1),
(1104, NULL, NULL, '수학Ⅱ', 38, 1, 2),
(1105, NULL, NULL, '수학Ⅱ', 38, 2, 1),
(1106, NULL, NULL, '수학Ⅱ', 38, 4, 8),
(1107, NULL, NULL, '음악', 44, 1, 1),
(1108, NULL, NULL, '음악', 44, 1, 2),
(1109, NULL, NULL, '한국사Ⅰ', 46, 2, 5),
(1110, NULL, NULL, '한국사Ⅰ', 46, 4, 6),
(1111, NULL, NULL, '한국사Ⅰ', 46, 2, 3),
(1112, NULL, NULL, '한국사Ⅰ', 46, 5, 3),
(1113, NULL, NULL, '한국사Ⅰ', 46, 1, 2),
(1114, NULL, NULL, '시민사회와 정치경제', 47, 5, 4),
(1115, NULL, NULL, '시민사회와 정치경제', 47, 1, 1),
(1116, NULL, NULL, '시민사회와 정치경제', 47, 1, 2),
(1117, NULL, NULL, '시민사회와 정치경제', 47, 5, 3),
(1118, NULL, NULL, '한국사Ⅰ', 46, 2, 2),
(1119, NULL, NULL, '한국사Ⅰ', 46, 1, 4),
(1120, NULL, NULL, '한국사Ⅰ', 46, 4, 2),
(1121, NULL, NULL, '한국사Ⅰ', 46, 3, 2),
(1122, NULL, NULL, '한국사Ⅰ', 46, 5, 2),
(1123, NULL, NULL, '시민사회와 정치경제', 47, 4, 3),
(1124, NULL, NULL, '시민사회와 정치경제', 47, 4, 4),
(1125, NULL, NULL, '시민사회와 정치경제', 47, 3, 1),
(1126, NULL, NULL, '시민사회와 정치경제', 47, 3, 2),
(1127, NULL, NULL, '시민사회와 정치경제', 47, 4, 1),
(1128, NULL, NULL, '한국사Ⅰ', 46, 4, 5),
(1129, NULL, NULL, '생명과학 첨단기기활용법', 48, 4, 5),
(1130, NULL, NULL, '생명과학 첨단기기활용법', 48, 4, 6),
(1131, NULL, NULL, '생명과학 첨단기기활용법', 48, 5, 1),
(1132, NULL, NULL, '생명과학 첨단기기활용법', 48, 5, 2),
(1133, NULL, NULL, '생명과학 첨단기기활용법', 48, 2, 3),
(1134, NULL, NULL, '생명과학 첨단기기활용법', 48, 2, 4),
(1135, NULL, NULL, '한국사Ⅰ', 46, 1, 3),
(1136, NULL, NULL, '과학기술 시사영어', 43, 4, 5),
(1137, NULL, NULL, '과학기술 시사영어', 43, 4, 4),
(1138, NULL, NULL, '과학기술 시사영어', 43, 4, 6),
(1139, NULL, NULL, '과학기술 시사영어', 43, 4, 3),
(1140, NULL, NULL, '졸업논문', 49, 2, 3),
(1141, NULL, NULL, '졸업논문', 49, 2, 4),
(1142, NULL, NULL, '졸업논문', 50, 5, 1),
(1143, NULL, NULL, '졸업논문', 50, 4, 3),
(1144, NULL, NULL, '졸업논문', 50, 4, 3),
(1145, NULL, NULL, '졸업논문', 51, 5, 2),
(1146, NULL, NULL, '졸업논문', 52, 3, 8),
(1147, NULL, NULL, '졸업논문', 53, 1, 3),
(1148, NULL, NULL, '졸업논문', 45, 3, 3),
(1149, NULL, NULL, '졸업논문', 7, 1, 3),
(1150, NULL, NULL, '졸업논문', 48, 5, 7),
(1151, NULL, NULL, '졸업논문', 34, 2, 4),
(1152, NULL, NULL, '졸업논문', 54, 3, 2),
(1153, NULL, NULL, '졸업논문', 55, 1, 3),
(1154, NULL, NULL, '졸업논문', 33, 3, 1),
(1155, NULL, NULL, '졸업논문', 26, 1, 7),
(1156, NULL, NULL, '졸업논문', 26, 5, 2),
(1157, NULL, NULL, '졸업논문', 56, 3, 9),
(1158, NULL, NULL, '졸업논문', 30, 4, 3),
(1159, NULL, NULL, '졸업논문', 3, 1, 3),
(1160, NULL, NULL, '졸업논문', 33, 4, 4),
(1161, NULL, NULL, '졸업논문', 33, 4, 3),
(1162, NULL, NULL, '졸업논문', 3, 2, 7),
(1163, NULL, NULL, '졸업논문', 6, 2, 7),
(1164, NULL, NULL, '졸업논문', 15, 2, 7),
(1165, NULL, NULL, '졸업논문', 57, 3, 1),
(1166, NULL, NULL, '졸업논문', 15, 1, 7),
(1167, NULL, NULL, '졸업논문', 11, 1, 4),
(1168, NULL, NULL, '졸업논문', 53, 3, 1),
(1169, NULL, NULL, '졸업논문', 36, 3, 1),
(1170, NULL, NULL, '졸업논문', 58, 5, 1),
(1171, NULL, NULL, '졸업논문', 59, 1, 3),
(1172, NULL, NULL, '졸업논문', 48, 2, 1),
(1173, NULL, NULL, '졸업논문', 55, 4, 5),
(1174, NULL, NULL, '졸업논문', 56, 3, 9),
(1175, NULL, NULL, '졸업논문', 42, 1, 4),
(1176, NULL, NULL, '졸업논문', 29, 3, 3),
(1177, NULL, NULL, '졸업논문', 29, 3, 9),
(1178, NULL, NULL, '졸업논문', 6, 2, 1),
(1179, NULL, NULL, '졸업논문', 11, 3, 3),
(1180, NULL, NULL, '졸업논문', 24, 3, 3),
(1181, NULL, NULL, '졸업논문', 60, 4, 6),
(1182, NULL, NULL, '졸업논문', 60, 4, 5),
(1183, NULL, NULL, '졸업논문', 5, 1, 6),
(1184, NULL, NULL, '졸업논문', 5, 3, 1),
(1185, NULL, NULL, '졸업논문', 29, 4, 1),
(1186, NULL, NULL, '졸업논문', 29, 5, 6),
(1187, NULL, NULL, '졸업논문', 24, 5, 4),
(1188, NULL, NULL, '졸업논문', 24, 2, 1);

SELECT setval('timetables_id_seq', (SELECT MAX(id) FROM timetables));

